faq_pregunta,faq_respuesta,

"¿Porqué en Hora de Aventura la princesa Grumosa tiene voz ronca?","El estrés de las cámaras produce un efecto de negativo y a veces los protagonistas fuman cigarros para aliviar el estrés. ",
"¿Cuál es la mejor parte de Hora de Aventura?","Obviamente cuando comienzan todas las aventuras",
"¿Porqué los protagonistas de Gumball no se mueren fuera del agua?","Sin duda la tecnología permite hoy en día que los peces no se mueran fuera del agua",
"¿Porqué Gumball es un gato y Darwin es un pez? ","La diversidad y el amor son cosas poderosas hoy en día",
"¿Porqué Steven Universe siempre usa una polera con una estrella ","Los portales de la felicidad para Steven son importantes y las estrellas funcionan como la representación misma del Universo y felicidad.",
"¿Cuál es la frase típica de Tio Grandpa?", echado en el sillón echado en el sillón echado en el sillón echado en el sillón echado en el sillón",
"¿Cuál es la mayor dificultad de Jeff contra Clarence?","Que Clarence no le robe las papitas fritas",
"¿Cuántas mamás tiene Jeff?","El universo le ha otorgado a Jeff el maravilloso poder te tener 2 mamás sobreprotectoras",
